2.191247088358690753e+00,2.183037810044411664e+00,2.196537817892335820e+00,2.209203382354891332e+00,2.212565219586464238e+00,2.230372587895537606e+00,2.161540316383826710e+00,2.125706584065855331e+00,2.113575789289852569e+00,2.053052737235776082e+00,1.985714021745168756e+00,1.944721971358328805e+00,1.847265372766942804e+00,1.753509485414951774e+00,1.618938801187395526e+00,1.469498630217219937e+00,1.275691229706575225e+00,1.309087567995126156e+00,1.059237775819073857e+00,9.315206572089261838e-01,8.662652066899705350e-01,8.145255201189558480e-01,7.634058138491180978e-01,7.099012990999500339e-01,6.578789430909585123e-01,6.149497863682612531e-01,5.635883174996001443e-01,5.231380364588641418e-01,4.801680053055608077e-01,4.355363441235307609e-01,3.965338907454876161e-01,3.762727863933839068e-01,4.088255908924357529e-01,6.008333958601349556e-01
2.187389197105248595e+00,2.208179573699970533e+00,2.227432392020127327e+00,2.263762395719545406e+00,2.307080830238117386e+00,2.360343704135994702e+00,2.238821813452127607e+00,2.200960888595021814e+00,2.241200937753564659e+00,2.118887498318929197e+00,2.061121964495550962e+00,2.069471406679956438e+00,1.913026440378744253e+00,1.770990586404497913e+00,1.635048767374265744e+00,1.474391741777388853e+00,1.275124793600274531e+00,1.292167274053269477e+00,1.338881246564022298e+00,1.175419506913667922e+00,1.093743283475196337e+00,1.046651403761669430e+00,1.040969773026356737e+00,9.200309442726944953e-01,8.400625282710910691e-01,8.313238770108476450e-01,7.237670122394486150e-01,6.672604802563635307e-01,6.473191119476825461e-01,5.592451931665299858e-01,4.979832135287125539e-01,4.686176809098941964e-01,5.182607744015403917e-01,5.940114139990008146e-01
2.197448044421281832e+00,2.243529919060571309e+00,2.313816386474598197e+00,2.433682620828454102e+00,2.443570433626046423e+00,0.000000000000000000e+00,2.380202891088266881e+00,2.326943484128014550e+00,0.000000000000000000e+00,2.234715856406923606e+00,2.168772604205788657e+00,0.000000000000000000e+00,2.052543919159500962e+00,1.908207562494014242e+00,1.703748729719816168e+00,1.495488656762679058e+00,1.281883789059233614e+00,1.288836262699044388e+00,1.329998531897925940e+00,1.184798053959810638e+00,1.178143136625960263e+00,1.118486722771390163e+00,0.000000000000000000e+00,9.462084564905148820e-01,8.678108924969719640e-01,0.000000000000000000e+00,7.493094900755885579e-01,6.785651849684825043e-01,0.000000000000000000e+00,6.002988830744881987e-01,5.372592011234901266e-01,4.733437976731929564e-01,5.051019483401713028e-01,5.857468968889342209e-01
2.226501444081867565e+00,2.275610560571992735e+00,2.427507037078852736e+00,0.000000000000000000e+00,2.474295458883274179e+00,2.431472577085453946e+00,2.288608740623471416e+00,2.227903381482966072e+00,2.279530524858763396e+00,2.140746938325002624e+00,2.092230890813752353e+00,2.129486393367493680e+00,2.051767376827057454e+00,0.000000000000000000e+00,1.807336646290496285e+00,1.530735934116578267e+00,1.286117680681753361e+00,1.289420014859783636e+00,1.327102619584999532e+00,1.262340380262139128e+00,0.000000000000000000e+00,1.108945290591634825e+00,1.125335624770032350e+00,9.537537807988630822e-01,8.815574770401419791e-01,8.612369101382135739e-01,7.520510404187301656e-01,6.958164315659516319e-01,7.008951312484703600e-01,5.831082251660727467e-01,0.000000000000000000e+00,5.086201699880906757e-01,5.162584336183845268e-01,5.863596636493298986e-01
2.218926927657777881e+00,2.299886259571966463e+00,2.456697642262575698e+00,2.499626201679899573e+00,2.391304868593149280e+00,2.414406345857414760e+00,2.256082097478225634e+00,2.210072611407509324e+00,2.264741275130429443e+00,2.117606162345963217e+00,2.066527389788194391e+00,2.118273559083696522e+00,1.995037020043149312e+00,1.956578257193890336e+00,1.824584757311602079e+00,1.549257324318271012e+00,1.296851983389701646e+00,1.284264056478538363e+00,1.350075638334157002e+00,1.284011833600698038e+00,1.175600351778952835e+00,1.146427873686699073e+00,1.076326960968510660e+00,9.229509328990849193e-01,8.522690311351067693e-01,8.483606436100050718e-01,7.303029501002877844e-01,6.728675038158405952e-01,6.738398675857021347e-01,6.056533417080822712e-01,5.344562079427526147e-01,5.169634615293259294e-01,5.200538056877984650e-01,5.842034262206571293e-01
2.231082909635700773e+00,2.375789520600242621e+00,0.000000000000000000e+00,2.458438786682784816e+00,2.412014841102354090e+00,0.000000000000000000e+00,2.324697423526147499e+00,2.307511663947630520e+00,0.000000000000000000e+00,2.182473766572771812e+00,2.137911116740639716e+00,0.000000000000000000e+00,2.019231885261925541e+00,1.930894390490011769e+00,0.000000000000000000e+00,1.593678826297055151e+00,1.295585776596550165e+00,1.288773309667573086e+00,1.420062389396669733e+00,0.000000000000000000e+00,1.281492230616910533e+00,1.145565439380789696e+00,0.000000000000000000e+00,9.828164956678981934e-01,9.001830850385110772e-01,0.000000000000000000e+00,7.762583233259164883e-01,7.121972695606388903e-01,0.000000000000000000e+00,6.120814770120478476e-01,5.727962386254695781e-01,0.000000000000000000e+00,5.465166072409047837e-01,5.853264484567460846e-01
2.193333023549111083e+00,2.248154547521326041e+00,2.377595699308919563e+00,2.314371329581254688e+00,2.287984815312760212e+00,2.324040661430613497e+00,2.207607448286067253e+00,2.159232752580644288e+00,2.198640966841652666e+00,2.078276734751812960e+00,2.031524074378713518e+00,2.047267737222503659e+00,1.910742935843156243e+00,1.806482349640972984e+00,1.755589205096524497e+00,1.526644376669864522e+00,1.274794099548210546e+00,1.267028030292862928e+00,1.320456608941520615e+00,1.215037435087375384e+00,1.146985769912143738e+00,1.037459726338711974e+00,1.034976970147732933e+00,8.987373823158448793e-01,8.249820480467460193e-01,8.258375693118994443e-01,7.192426221500023420e-01,6.560511018915371473e-01,6.486489125401101452e-01,5.570852795816151337e-01,5.180952257940212302e-01,4.852817228618145906e-01,5.104054005637053137e-01,5.775760074477510608e-01
2.129910704725793469e+00,2.212607874940346608e+00,2.340039369117613788e+00,2.241920866594564021e+00,2.220408751380578138e+00,2.284707864496888785e+00,2.169216423973474139e+00,2.132189374681973337e+00,2.170021761231772484e+00,2.058093953778662222e+00,1.994521228884661213e+00,2.003175263835319520e+00,1.866062268526274215e+00,1.770803630750291680e+00,1.721859500159762968e+00,1.504073961297410778e+00,1.256448640070237488e+00,1.253639973683003062e+00,1.316231529095601704e+00,1.191121610731709746e+00,1.113922402340774331e+00,1.011256476511537050e+00,1.014965274884199520e+00,8.861928678038175633e-01,8.188278746156557597e-01,8.102892872283671277e-01,7.065157431112425446e-01,6.495695567973099882e-01,6.383150646417524721e-01,5.494553783935032243e-01,5.129562119808761533e-01,4.810674198775791166e-01,5.080881215560474340e-01,5.703773791118308401e-01
2.111795255516697445e+00,2.243617810087375819e+00,0.000000000000000000e+00,2.277669480100985577e+00,2.264419849023404652e+00,0.000000000000000000e+00,2.212165054535202735e+00,2.186081915001328646e+00,5.905483372858080321e-05,2.092605917932987669e+00,2.022009508341952255e+00,0.000000000000000000e+00,1.900835292429759349e+00,1.802936391864802701e+00,0.000000000000000000e+00,1.526321189694179514e+00,1.239277137432728049e+00,1.239401673874342524e+00,1.353047071096246334e+00,0.000000000000000000e+00,1.181917043748235585e+00,1.062656252233996401e+00,0.000000000000000000e+00,9.348557763215046279e-01,8.611952289018872664e-01,2.022953124983358227e-05,7.519504536433897490e-01,6.819664371659899249e-01,0.000000000000000000e+00,5.886593862297052615e-01,5.408748848410322996e-01,0.000000000000000000e+00,5.285375131154198547e-01,5.690487163194927200e-01
2.054337302635711460e+00,2.109956609811427519e+00,2.221160439193332170e+00,2.152302058549536934e+00,2.125715797419949649e+00,2.189784304093460143e+00,2.089919993493440042e+00,2.049081344492106105e+00,2.084853756008507197e+00,1.974025286882006958e+00,1.920356495826909038e+00,1.944157521291036028e+00,1.797758364323612135e+00,1.710748110216061324e+00,1.667913594829847357e+00,1.438133114862460982e+00,1.214003965719606448e+00,1.208895867153015669e+00,1.269186375307888470e+00,1.152072564972867363e+00,1.079690642863499139e+00,9.906023805145405259e-01,9.805509088876559476e-01,8.600759773199186942e-01,7.988089990029161314e-01,7.995450583372136766e-01,6.914182264907056119e-01,6.314393157313016314e-01,6.286111064155717187e-01,5.406484458465800058e-01,5.002943853552010989e-01,4.724244966795246303e-01,4.998876111740644390e-01,5.695898496773728059e-01
1.986670535203628685e+00,2.054476313994880954e+00,2.181267711313287005e+00,2.093717939432175434e+00,2.076418866386740891e+00,2.137815887766437495e+00,2.023504073786457802e+00,1.988202932241510013e+00,2.031861536673257973e+00,1.918217704930249123e+00,1.861207732707200524e+00,1.889397347310102893e+00,1.760428731100624589e+00,1.674757395907804813e+00,1.631159915290137041e+00,1.427622733820306244e+00,1.184265874694650167e+00,1.188183225214553440e+00,1.241403492753595517e+00,1.139997500674297726e+00,1.073477448951509761e+00,9.770130249952052592e-01,9.710713944060891389e-01,8.461797277265681316e-01,7.840855826775391391e-01,7.909003022867525656e-01,6.875396075525891382e-01,6.230322061725841465e-01,6.210724583067812610e-01,5.359661403792689294e-01,4.964839713359483486e-01,4.635816663744574129e-01,4.936267130715821239e-01,5.600230818713256564e-01
1.939309693786417599e+00,2.070310737595831618e+00,0.000000000000000000e+00,2.137996425965541736e+00,2.124008701925748976e+00,0.000000000000000000e+00,2.053421732392183507e+00,2.007645696129726876e+00,0.000000000000000000e+00,1.934808165714997585e+00,1.888228361905046171e+00,0.000000000000000000e+00,1.793606677942480188e+00,1.717444695424241052e+00,0.000000000000000000e+00,1.433189564518702275e+00,1.163182094994017257e+00,1.162058685579531847e+00,1.291078908518831669e+00,0.000000000000000000e+00,1.165906548003818211e+00,1.036812168136559409e+00,0.000000000000000000e+00,9.006319678719821864e-01,8.315545851665148147e-01,0.000000000000000000e+00,7.344467792665521078e-01,6.589951810821528255e-01,0.000000000000000000e+00,5.760740174273405456e-01,5.391752865374970227e-01,0.000000000000000000e+00,5.212462790892851139e-01,5.506186815162145143e-01
1.855411671663253159e+00,1.925151171582305087e+00,2.059994779963877143e+00,2.074145071759399439e+00,1.996318762925073598e+00,2.025099761485353422e+00,1.922365085586858591e+00,1.866929533903046279e+00,1.911412953201373499e+00,1.802722909465994228e+00,1.747958456866825383e+00,1.795798749443410891e+00,1.689705802246291855e+00,1.670683409319676738e+00,1.561287362384530031e+00,1.342710607316113691e+00,1.117661686621025163e+00,1.120165507149075479e+00,1.189314519760101607e+00,1.130394475187382675e+00,1.039978121062117955e+00,1.015063874420505829e+00,9.651515136750324908e-01,8.376551677793997452e-01,7.691552452380430172e-01,7.712073971884916279e-01,6.738517709538572875e-01,6.207386070759011165e-01,6.240197265266085314e-01,5.567623176274234531e-01,4.917193538325891344e-01,4.767493869116664063e-01,4.822988480051001448e-01,5.412887395586843953e-01
1.759677355446763292e+00,1.794400266911236885e+00,1.927442731709765544e+00,0.000000000000000000e+00,1.970076925967498616e+00,1.934066731312273912e+00,1.823765236346551744e+00,1.775843461571870119e+00,1.820760733661625164e+00,1.713947898680572512e+00,1.676175261510312486e+00,1.720482874665544060e+00,1.671521519562934932e+00,0.000000000000000000e+00,1.475303693592278975e+00,1.264723250973249113e+00,1.073674786260244041e+00,1.084570196257446772e+00,1.126572984018279655e+00,1.074320869628573094e+00,0.000000000000000000e+00,9.582878233902966114e-01,9.801649901186169078e-01,8.432084516669698937e-01,7.746239556324118203e-01,7.791484591145405592e-01,6.746971597329420867e-01,6.299099104630623280e-01,6.321212726567230211e-01,5.293584729707453418e-01,0.000000000000000000e+00,4.660478106241895957e-01,4.645523707121523294e-01,5.264805840853342689e-01
1.638362707092156034e+00,1.656027693404731327e+00,1.714566681161751260e+00,1.813767122596523285e+00,1.825878682035023459e+00,0.000000000000000000e+00,1.768038472854896792e+00,1.731625845129279861e+00,0.000000000000000000e+00,1.660802876962393704e+00,1.624856872510545447e+00,0.000000000000000000e+00,1.572920140337688677e+00,1.488799175897359328e+00,1.322094626762917891e+00,1.175656183793597709e+00,1.008447804702727435e+00,1.035240212795422998e+00,1.083017321169486902e+00,9.951767294784388262e-01,9.987735758771782990e-01,9.547295235348596254e-01,0.000000000000000000e+00,8.323232782346620118e-01,7.618874625432368042e-01,0.000000000000000000e+00,6.738117084778187937e-01,6.143378379202336648e-01,0.000000000000000000e+00,5.464676925427908172e-01,4.867044085272154708e-01,4.276325699416522741e-01,4.595110836909998553e-01,5.269694003763422119e-01
1.483664026340598685e+00,1.485928533120761896e+00,1.522092150237713160e+00,1.537623262516716105e+00,1.556041610701640376e+00,1.614558200831128332e+00,1.526476443708170816e+00,1.503273037662012035e+00,1.537698072794241311e+00,1.453937895108954548e+00,1.426435615532985146e+00,1.432124755314073017e+00,1.335884866208434607e+00,1.269121945226295178e+00,1.184239450980220321e+00,1.079512015307677153e+00,9.513101919191917499e-01,1.002022867342769130e+00,1.098957994362292245e+00,9.871033287981917370e-01,9.481624800674134379e-01,9.238563433257078739e-01,9.264653612000229854e-01,8.253417223459025287e-01,7.691212520089578675e-01,7.627961299891509173e-01,6.699940225222736911e-01,6.230481150465755347e-01,6.106000443331772720e-01,5.309279637896315851e-01,4.728521005899636864e-01,4.422733235189713619e-01,4.832545113218360555e-01,5.425712034804132111e-01
1.282520553935648344e+00,1.274279110088654576e+00,1.282977509566893382e+00,1.288526527599304972e+00,1.297523107201326020e+00,1.303491552713452739e+00,1.269274203088366360e+00,1.253099802627585913e+00,1.241140171644295132e+00,1.209007559240716567e+00,1.179121499250447291e+00,1.168270227528867222e+00,1.112980859452735283e+00,1.060683604007594205e+00,1.018624467799976285e+00,9.597859993975932369e-01,8.811332716673750953e-01,1.015260267107674919e+00,9.058664618496887755e-01,8.504807188522480743e-01,8.196446512186682520e-01,7.895318237519060034e-01,7.641755667733742818e-01,7.138243073906862524e-01,6.719145389772235299e-01,6.360130188177237631e-01,5.871768344832307696e-01,5.480041959380100858e-01,5.064811815124733441e-01,4.607759078459137125e-01,4.220548226516234736e-01,4.022034820535829169e-01,4.270859824671134897e-01,5.769625869141823404e-01
1.316471726324641711e+00,1.301383534945617759e+00,1.289665337316929783e+00,1.298266666694424032e+00,1.296764268005277776e+00,1.291546581491599177e+00,1.272457264381850361e+00,1.255944218212216912e+00,1.242292671548804073e+00,1.216123210090080731e+00,1.197625844798729133e+00,1.162844065888928302e+00,1.124409956134110988e+00,1.080858328084939979e+00,1.034961464676486642e+00,1.005151905755737429e+00,1.017093772127665163e+00,7.960627971164752070e-01,7.885406176650254784e-01,7.747552518443546754e-01,7.509792786642698337e-01,7.314815042731055428e-01,7.041915110973251402e-01,6.622066894889006017e-01,6.215532082833116201e-01,5.871574258241251121e-01,5.490449216910516794e-01,5.088162914769511769e-01,4.713562267179362553e-01,4.306141899096647685e-01,3.971415581329607036e-01,3.769008778899384793e-01,3.931010407500538095e-01,5.093960863763510316e-01
1.064000717163514631e+00,1.353635313444590205e+00,1.328279601481909822e+00,1.331329438856757807e+00,1.361594510353077325e+00,1.429308119732483950e+00,1.330294767904400377e+00,1.316818957456696415e+00,1.371582830735758929e+00,1.274989094897337694e+00,1.253509551474411676e+00,1.283463093376297381e+00,1.198517382208715842e+00,1.131995127547667401e+00,1.087777227050225060e+00,1.102854610437833616e+00,9.187571502137118484e-01,7.888795811190919549e-01,8.270448219070298812e-01,8.294309544970086545e-01,8.280437807335848666e-01,8.121549731130274230e-01,8.091142709521912391e-01,7.432067637936660143e-01,6.986500819769629889e-01,6.837234221894817887e-01,6.159512398827160506e-01,5.724131501184384074e-01,5.482130112650641651e-01,4.895315891433671407e-01,4.435101904652545834e-01,4.180671729929731351e-01,4.283521525606124869e-01,5.285448660939552346e-01
9.421384737787534824e-01,1.184315963786022996e+00,1.192872465536471971e+00,1.255727184359869630e+00,1.285778759185480569e+00,0.000000000000000000e+00,1.223674525602471697e+00,1.199961005803297454e+00,0.000000000000000000e+00,1.163683319289239515e+00,1.148357328126751176e+00,0.000000000000000000e+00,1.136557034604824823e+00,1.081672921104091856e+00,9.883293523392095992e-01,9.904779604705001850e-01,8.555337397767853735e-01,7.754537280875926086e-01,8.259473311220250080e-01,8.670392457710104361e-01,8.987430955634241325e-01,8.915483259352598999e-01,0.000000000000000000e+00,8.077076708131013527e-01,7.573129775106630657e-01,0.000000000000000000e+00,6.659242056013290334e-01,6.196656081818328055e-01,0.000000000000000000e+00,5.408548024389592257e-01,4.941927636914571487e-01,4.435656434886283694e-01,4.418652375097458784e-01,5.373899174561270753e-01
8.734522999348018901e-01,1.100319907181191770e+00,1.179521249852117926e+00,0.000000000000000000e+00,1.193513281325771391e+00,1.278558816378772445e+00,1.153158956415373027e+00,1.131410565886197706e+00,1.199475215507000536e+00,1.089605692635659207e+00,1.084978605196925905e+00,1.163387655988868508e+00,1.040220332453506202e+00,0.000000000000000000e+00,1.005534304570551596e+00,9.438427719449860032e-01,8.230403187448527280e-01,7.501239553212172284e-01,8.299421975647560679e-01,9.033449176669088310e-01,0.000000000000000000e+00,9.003906531591215900e-01,8.588017001858627708e-01,7.721850290035323638e-01,7.231550874856591538e-01,7.143672838398688052e-01,6.430094320797047347e-01,5.952642187947164709e-01,5.845985998481645352e-01,5.427945535352158846e-01,0.000000000000000000e+00,4.715604823444637939e-01,4.492599828513393900e-01,5.343251971930471633e-01
8.182380184398414524e-01,1.056134489416050926e+00,1.125410795655496621e+00,1.120365813083079809e+00,1.154093347454119067e+00,1.144589595048006281e+00,1.041390506802172267e+00,1.029350425140714176e+00,1.077218591050897123e+00,9.952903185181630752e-01,9.907798976863729790e-01,1.046681607871178921e+00,1.023456150806645759e+00,9.685615643457549107e-01,9.552112556644626329e-01,9.173162004373885958e-01,7.890162996452245725e-01,7.294849098209817972e-01,8.134144503457534370e-01,8.910220582545809176e-01,8.974666219311479010e-01,8.503930232231756703e-01,8.284768009280699674e-01,7.539378819633139051e-01,7.133650409858925956e-01,6.952889585848834875e-01,6.239621768529399759e-01,5.829499829379772846e-01,5.694063024255178185e-01,5.165082371425814278e-01,4.955995942564136447e-01,4.668099084739451010e-01,4.493394293570446840e-01,5.252833864895075644e-01
7.737874919028429055e-01,1.045877426674022281e+00,0.000000000000000000e+00,1.130834997228184813e+00,1.081801117539766599e+00,0.000000000000000000e+00,1.026833151133299316e+00,1.012850352962841427e+00,0.000000000000000000e+00,9.996841126078755968e-01,9.740378813663748137e-01,0.000000000000000000e+00,9.700409854985876379e-01,9.812112710218202638e-01,0.000000000000000000e+00,9.269560034582287056e-01,7.636337418624420392e-01,7.012665615391588947e-01,8.103641409218265146e-01,0.000000000000000000e+00,8.503518325140456691e-01,8.271461638751318457e-01,0.000000000000000000e+00,7.593181428772638464e-01,7.136020323941065779e-01,0.000000000000000000e+00,6.328498169927920802e-01,5.840718755235967397e-01,0.000000000000000000e+00,5.131946835021108377e-01,4.815967997851228199e-01,0.000000000000000000e+00,4.518946608006484955e-01,5.133015321174996259e-01
7.240455549067191798e-01,9.282490759804838953e-01,9.482902430086193046e-01,9.575431034638201000e-01,9.283896460223689528e-01,9.808231478946479731e-01,9.004364528676550572e-01,8.874378712687498449e-01,9.480525752302128017e-01,8.679333260488791835e-01,8.557849217734814218e-01,9.052416037891988232e-01,8.372569497238263603e-01,8.413359145941188277e-01,8.258091923290324932e-01,8.243915109529369456e-01,7.139541587439731662e-01,6.609624609933459904e-01,7.397087919388564137e-01,8.016790784074945275e-01,7.733268989074596478e-01,7.557112793636738823e-01,7.599958279587964993e-01,6.889336292274383933e-01,6.563942627349094172e-01,6.471849113105505591e-01,5.826594934631921241e-01,5.407829535242093533e-01,5.237138290815784858e-01,4.729574696243908360e-01,4.402326234529471694e-01,4.316780102245537099e-01,4.183196271784163645e-01,4.879810978447451930e-01
6.704295797094608211e-01,8.539191734892210839e-01,8.705582833385407948e-01,8.846977400309432582e-01,8.588851315219306892e-01,9.028191150622755234e-01,8.388150892161027050e-01,8.191260527752426412e-01,8.631045976804209152e-01,8.007908974220390164e-01,7.895039527571818816e-01,8.298180348355850278e-01,7.751003244618606125e-01,7.802373987499040542e-01,7.590244073411180903e-01,7.732785934252642823e-01,6.724822387850472039e-01,6.230994908808976662e-01,6.994830449077992229e-01,7.519710380557811380e-01,7.254750407669064982e-01,7.077595245319724393e-01,7.070736255532449333e-01,6.575749951679532579e-01,6.232832616455081798e-01,6.118599207471168144e-01,5.534535398288059627e-01,5.137736212707584293e-01,4.981017566315768530e-01,4.429968732841544354e-01,4.149283457389875140e-01,4.081033869077403953e-01,3.968142876139097996e-01,4.632635738422015148e-01
6.271281432260689126e-01,8.498774244096176655e-01,0.000000000000000000e+00,8.792758835133264173e-01,8.511752470027588169e-01,0.000000000000000000e+00,8.331477935928555123e-01,8.262708103672868898e-01,2.020095507363041802e-05,8.030672051972632675e-01,7.948706761837915913e-01,0.000000000000000000e+00,7.733351642816427285e-01,7.737406639071410241e-01,0.000000000000000000e+00,7.636936007676156102e-01,6.356221385957802061e-01,5.884322865117922463e-01,6.816912079968121541e-01,0.000000000000000000e+00,7.127271864019693037e-01,6.949820296271701503e-01,0.000000000000000000e+00,6.492956079417456783e-01,6.137872874585588168e-01,1.610354413196360941e-05,5.431135632137641389e-01,5.067601412063421629e-01,0.000000000000000000e+00,4.362016824508225810e-01,4.050461258678976773e-01,0.000000000000000000e+00,3.894826364759194082e-01,4.447430672504455451e-01
5.756767568245941824e-01,7.309234417545680262e-01,7.563875094737525506e-01,7.599746310102825086e-01,7.336702802356834807e-01,7.847013879435806860e-01,7.222043750897578773e-01,7.124206569994736560e-01,7.532637750757106287e-01,7.013754774682684490e-01,6.882705639874764358e-01,7.323686689385516813e-01,6.733686088612483855e-01,6.779188099541035850e-01,6.744806169031609677e-01,6.780929248625879868e-01,5.900686970388916430e-01,5.464669286269403514e-01,6.178406369235316387e-01,6.667189993957479688e-01,6.372653425158187890e-01,6.220923597427302498e-01,6.294729181414369101e-01,5.814617189721780210e-01,5.558426458582808038e-01,5.451794401602833018e-01,4.921431746693394893e-01,4.568925106066384356e-01,4.446489673362989947e-01,3.962891158823371174e-01,3.675058814750132852e-01,3.629343452793412084e-01,3.536562027099717787e-01,4.157904601115759435e-01
5.311885997925630543e-01,6.763838090578581097e-01,6.918733791836048086e-01,7.001779053623733429e-01,6.813264878247622391e-01,7.126131716146361095e-01,6.608537340687946626e-01,6.490562856767130295e-01,6.848752028443435558e-01,6.410458905423291887e-01,6.341727927915881136e-01,6.735321466045661731e-01,6.195619523218262037e-01,6.305609696866814051e-01,6.157013559966822980e-01,6.239442364358775972e-01,5.413054689408103304e-01,5.093170004213958268e-01,5.708405170606464241e-01,6.220991779932963928e-01,5.936287151813736118e-01,5.833178724975647267e-01,5.870565534424708742e-01,5.427354166413274061e-01,5.173108359166580517e-01,5.082595650710257651e-01,4.583758095752694106e-01,4.268366971034435742e-01,4.148919339395080175e-01,3.730303857428991510e-01,3.431375070535752081e-01,3.390058041729259175e-01,3.293959132718906613e-01,3.894651137292612364e-01
4.880893109204306746e-01,6.637586253238343392e-01,0.000000000000000000e+00,7.085161542995268569e-01,6.774178373038094447e-01,0.000000000000000000e+00,6.517056920734776160e-01,6.456391862294733608e-01,0.000000000000000000e+00,6.366990687146554251e-01,6.269791964692927877e-01,0.000000000000000000e+00,6.253090839121397959e-01,6.368464496189781832e-01,0.000000000000000000e+00,6.159524243874878735e-01,5.070734659190005988e-01,4.739770907533142896e-01,5.492490690742655168e-01,0.000000000000000000e+00,5.856158795049488663e-01,5.640522053239396261e-01,0.000000000000000000e+00,5.229673960565481838e-01,4.996662179298075324e-01,0.000000000000000000e+00,4.477871169417994013e-01,4.153332615739425693e-01,0.000000000000000000e+00,3.615211516804351377e-01,3.360611321676330587e-01,0.000000000000000000e+00,3.180585413425819352e-01,3.597888528736741254e-01
4.437287164228900238e-01,5.721727074097165966e-01,6.089522039667149000e-01,5.924164366565792816e-01,6.092535178703845089e-01,6.203506338544979570e-01,5.657961734234764339e-01,5.568640561697966174e-01,5.921751074050781716e-01,5.432006489403792271e-01,5.410491077301776697e-01,5.872202795833334488e-01,5.611589330122712660e-01,5.370927682905253242e-01,5.520442015689500659e-01,5.365195239323181653e-01,4.652761676581110284e-01,4.347996223523004078e-01,4.890103508987206360e-01,5.422026421323546952e-01,5.432417285869868273e-01,5.176220112739589041e-01,5.151641341465219570e-01,4.677536117346107192e-01,4.443176504664649862e-01,4.388309429996508637e-01,3.974690252130943513e-01,3.692117409012467544e-01,3.652478967413388955e-01,3.290193833644715071e-01,3.159317206846702364e-01,2.982470720712732670e-01,2.854557115812783596e-01,3.292669094475462743e-01
4.019776563922255463e-01,5.077750671771877888e-01,5.432981295490509899e-01,0.000000000000000000e+00,5.415030589727736210e-01,5.800845779769169264e-01,5.249208908394225048e-01,5.151917449124574500e-01,5.456672634221780838e-01,5.042650085633416657e-01,5.049791856271410584e-01,5.465336626957661981e-01,4.979750117066176207e-01,0.000000000000000000e+00,4.992149742315453720e-01,4.799094025406466235e-01,4.246458641489704311e-01,3.983898371277103667e-01,4.476925287389251773e-01,4.925700654168500003e-01,0.000000000000000000e+00,4.998931882826454509e-01,4.777005780514578803e-01,4.357826438349560183e-01,4.124922359066469646e-01,4.052755620365040001e-01,3.659778391060351521e-01,3.440594758033663769e-01,3.383110387509301042e-01,3.123935041272363766e-01,0.000000000000000000e+00,2.728106558106904167e-01,2.576937895680694313e-01,3.031817943291972295e-01
3.778813936891481373e-01,4.724560213931874308e-01,4.793720945788496612e-01,5.172322683653809428e-01,5.191821471119544285e-01,0.000000000000000000e+00,4.889018563617613666e-01,4.836280103412842757e-01,0.000000000000000000e+00,4.771366439954088379e-01,4.723003645055394162e-01,0.000000000000000000e+00,4.849299554389744360e-01,4.737310571989788999e-01,4.373971417624507585e-01,4.481338493724968952e-01,4.041287663894579940e-01,3.796209195006247095e-01,4.166843082973617496e-01,4.453775531928228504e-01,4.680170505100515466e-01,4.683302710991176232e-01,0.000000000000000000e+00,4.286450982440978552e-01,4.086985324622310900e-01,0.000000000000000000e+00,3.639498148165104530e-01,3.402048365674239516e-01,0.000000000000000000e+00,2.988146148041820327e-01,2.729254812354990345e-01,2.424353174765424002e-01,2.384883897694446420e-01,2.787415261655875609e-01
4.144799417489927196e-01,5.215918580475720212e-01,5.131596570952726699e-01,5.206294278375190876e-01,5.297621171338582347e-01,5.549241182230592040e-01,5.193999002714598801e-01,5.138026545937318668e-01,5.375028708531557342e-01,5.043188588273302964e-01,5.022341209627532166e-01,5.246717645274733277e-01,4.888586129196206831e-01,4.736624288879482947e-01,4.630706681670004321e-01,4.827647670653502088e-01,4.288989597969547485e-01,3.951085892958181023e-01,4.308972810017863142e-01,4.443080226899827623e-01,4.501086201392289210e-01,4.461563627282417732e-01,4.485576226902251995e-01,4.175779661238873675e-01,3.945192070490062819e-01,3.892845851231011012e-01,3.534912691512847593e-01,3.299377237198209967e-01,3.171475102156621761e-01,2.846633817947265555e-01,2.607613698014291659e-01,2.366420060628103561e-01,2.340414672059265289e-01,2.686780863966252153e-01
6.030034616626710475e-01,5.975897837962456105e-01,5.974816228055220835e-01,5.954931732478212503e-01,5.954289533272330015e-01,5.935459024223447289e-01,5.874087395253896338e-01,5.855659752616900748e-01,5.791846329825856010e-01,5.719845030607473291e-01,5.611202023067951572e-01,5.610589309840724459e-01,5.486154934240742298e-01,5.378133527148274418e-01,5.285363846034256685e-01,5.319276983508409717e-01,5.811667041770416375e-01,5.074114584477388279e-01,5.348246987351746862e-01,5.418482247636255966e-01,5.373628776011537544e-01,5.284781045324750126e-01,5.131010200610383043e-01,4.901844926459114071e-01,4.650876929416942751e-01,4.439932476791162985e-01,4.178521224513318533e-01,3.885319407815574499e-01,3.629205463608465854e-01,3.326481634578376534e-01,3.033931515746035035e-01,2.806606132185862079e-01,2.701508109231260946e-01,2.903057835354830862e-01
